{"amphibians": 0.01953125, "bird": 0.09953703703703703, "electric_appliances": 0.02416087962962963, "electronic_gadgets": 0.022424768518518517, "farm_animals_birds": 0.020905671296296297, "food_item": 0.020399305555555556, "fruits_vegetables": 0.026475694444444444, "furniture": 0.029730902777777776, "garment_wearables_cosmetics": 0.038628472222222224, "insects_arachnids_crustaceans": 0.028284143518518517, "location_room_event": 0.04528356481481482, "marine_animal": 0.021773726851851853, "medical_equipment": 0.01294849537037037, "musical_instrument": 0.032045717592592594, "office_school_equipments": 0.016565393518518517, "person": 0.013961226851851851, "pets": 0.21846064814814814, "reptiles": 0.055989583333333336, "sports_equipment": 0.031901041666666664, "tools_machinery": 0.023003472222222224, "transport_vehicle": 0.022063078703703703, "utensils_crockery": 0.034722222222222224, "vehicle": 0.029007523148148147, "water_vessel": 0.025173611111111112, "wild_animals": 0.08702256944444445}